id,message,category
447,Why is my promo code not working?,
277,I cannot access my account,Account/Login Issue
255,Has the branch accepted my ORDER?,Order Status Inquiry
84,My order was marked delivered too early,Delivery Issue
291,I cannot sign in from the website,Account/Login Issue
220,Is chocolate milk tea available?,Product/Stock Inquiry
256,where is my order in the preparation process?,Order Status Inquiry
231,I need to know whether my order is confirmed Please advise.,Order Status Inquiry
437,"Hello, what are your opening hours?",General Inquiry
373,Is there a special offer this week?.,Promotion/Discount Inquiry
104,Where is my delivery?,Delivery Issue
343,Are there any buy-one-get-one offers?,Promotion/Discount Inquiry
216,Do you have cold drinks available?,Product/Stock Inquiry
338,Do you have a loyalty offer??,Promotion/Discount Inquiry
152,can i cancel after payment?,Refund/Cancellation
271,Can I track the order status?,Order Status Inquiry
339,Why did the coupon disappear at checkout??,Promotion/Discount Inquiry
298,how can i recover my login?,Account/Login Issue
202,"Hi, what are today's available drinks?",Product/Stock Inquiry
435,Can I save multiple addresses?,General Inquiry
319,I need to change my account password,Account/Login Issue
249,is my order still being prepared?,Order Status Inquiry
98,the delivery address is incorrect,Delivery Issue
257,Can you help? is the order ready yet?,Order Status Inquiry
40,I need help with a payment problem!,Payment Issue
61,can i schedule delivery for later?,Delivery Issue
266,Please help. has my order been processed yet?,Order Status Inquiry
135,Can the order be cancelled now?,Refund/Cancellation
382,Is there a discount available for this order? Can you check?,Promotion/Discount Inquiry
72,Please help. i need to update my delivery address,Delivery Issue
207,Do you have this drink at the Kandy branch?,Product/Stock Inquiry
349,Are there any special deals today?,Promotion/Discount Inquiry
101,I am waiting for the courier!,Delivery Issue
275,what does my current order status mean?,Order Status Inquiry
322,"Hi, the password reset link is not working",Account/Login Issue
114,  Can I cancel an ORDER that is being prepared?  ,Refund/Cancellation
263,Please provide an order status update!,Order Status Inquiry
328,"Hello, my password is not working",Account/Login Issue
369,Are there branch-specific promotions?,Promotion/Discount Inquiry
379,Can I apply the offer after placing an order??,Promotion/Discount Inquiry
436,I need help: what currencies do you accept?,General Inquiry
420,I need help: what currencies do you accept?,General Inquiry
226,Can you confirm that my order was received??,Order Status Inquiry
449,I was charged twice,
239,Can you confirm my order is in the system?,Order Status Inquiry
387,Can I save multiple addresses?,General Inquiry
213,which products can i order right now?,Product/Stock Inquiry
218,Can I choose the topping??,Product/Stock Inquiry
404,I need help: what currencies do you accept?,General Inquiry
161,Please cancel and refund my order!,Refund/Cancellation
228,Is my ORDER queued for preparation?,Order Status Inquiry
305,My account is locked,Account/Login Issue
103,the delivery address is incorrect,Delivery Issue
240,Can I track the order status?,Order Status Inquiry
188,Can I choose the topping??,Product/Stock Inquiry
341,Is there a promotion for new customers? Can you check?,Promotion/Discount Inquiry
360,"Hi, is this offer still available?",Promotion/Discount Inquiry
130,I need help: when will the cancelled order be refunded?,Refund/Cancellation
201,Is the small size available??,Product/Stock Inquiry
18,"Hello, my payment has not been reflected in my account",Payment Issue
99,the delivery person is at the wrong location,Delivery Issue
140,How do I request a refund? ASAP.,Refund/Cancellation
58,Why is the delivery late?,Delivery Issue
327,I cannot sign in from the website,Account/Login Issue
225,What is the latest update for my order?,Order Status Inquiry
233,My order status looks stuck,Order Status Inquiry
118,"The product was unavailable, so I want a refund",Refund/Cancellation
29,the checkout payment keeps failing,Payment Issue
375,Can I use this voucher online?,Promotion/Discount Inquiry
124,i want to withdraw my order,Refund/Cancellation
441,My payment is still pending,
401,Do you provide receipts? ASAP.,General Inquiry
386,what services do you provide?,General Inquiry
426,How can I update my email address?,General Inquiry
410,Can I place an order without an account??,General Inquiry
2,the card payment keeps getting declined,Payment Issue
444,Is this product available today?,
77,The rider cannot find my address,Delivery Issue
394,how can I learn more about your products?,General Inquiry
111,How long will my refund take?,Refund/Cancellation
408,what is your customer support number?,General Inquiry
315,My account login is blocked!,Account/Login Issue
391,Where are your branches located?,General Inquiry
1,Why did my payment fail?,Payment Issue
370,Is this item included in the promotion? ASAP.,Promotion/Discount Inquiry
258,What is the current status of my order?,Order Status Inquiry
147,I want the payment returned,Refund/Cancellation
352,can i use a promo code?,Promotion/Discount Inquiry
45,Why was my card charged when the order failed? Please help.,Payment Issue
425,How can I register as a customer??,General Inquiry
176,Can I add extra pearls??,Product/Stock Inquiry
286,I cannot receive the login code.,Account/Login Issue
109,the delivery address is incorrect,Delivery Issue
85,Can the rider call me when nearby?,Delivery Issue
194,Do you have the product shown in the menu? Please help.,Product/Stock Inquiry
44,I cannot pay for my order online,Payment Issue
318,,Account/Login Issue
282,i cannot log into my account,Account/Login Issue
333,Can I get the promotion shown on social media?,Promotion/Discount Inquiry
309,i need help accessing my account,Account/Login Issue
112,I want to request a cancellation,Refund/Cancellation
70,The courier cannot reach my location.,Delivery Issue
221,I want to know the status of my purchase!,Order Status Inquiry
25,my card payment failed but i was charged,Payment Issue
171,Can I change the sweetness level??,Product/Stock Inquiry
230,Can you check whether the order is accepted?,Order Status Inquiry
122,Please help. i need to return this order,Refund/Cancellation
31,the payment failed after I clicked pay,Payment Issue
46,I paid online but received a payment error,Payment Issue
154,i need help with a refund,Refund/Cancellation
439,Do you have a mobile application? Please advise.,General Inquiry
311,The system says my credentials are invalid!,Account/Login Issue
406,What time does the shop open?.,General Inquiry
143,Please return the money to my card.,Refund/Cancellation
66,how long does delivery normally take?,Delivery Issue
342,What offers are available today??,Promotion/Discount Inquiry
337,How do I redeem this voucher??,Promotion/Discount Inquiry
195,I need help: is this product out of stock?,Product/Stock Inquiry
153,The order was cancelled but I have not received my refund!,Refund/Cancellation
232,Can you tell me what is happening with my order? Please advise.,Order Status Inquiry
237,what does my current order status mean?,Order Status Inquiry
281,I am not receiving the OTP,Account/Login Issue
215,do you have this product in stock?,Product/Stock Inquiry
51,I paid online but received a payment error,Payment Issue
317,How do I change my password?,Account/Login Issue
136,I want to cancel my order,Refund/Cancellation
308,  I cannot remember my password ASAP.  ,Account/Login Issue
187,Can I customize the sugar level??,Product/Stock Inquiry
78,My delivery window has already passed,Delivery Issue
357,Can I use a discount on this product? Please help.,Promotion/Discount Inquiry
132,I do not want the order anymore,Refund/Cancellation
302,Why can't I sign in?,Account/Login Issue
82,The delivery status has not changed,Delivery Issue
378,Why did the promotional price not appear??,Promotion/Discount Inquiry
433,Is the branch open on public holidays??,General Inquiry
183,Do you have non-dairy milk? Can you check?,Product/Stock Inquiry
7,"Hi, i paid but the app still says unpaid",Payment Issue
371,Where can I find your latest offers?,Promotion/Discount Inquiry
356,Is the weekend promotion still active? Please advise.,Promotion/Discount Inquiry
416,How can I register as a customer??,General Inquiry
81,i need this order urgently,Delivery Issue
79,The courier has not picked up my ORDER,Delivery Issue
177,can i add extra ice?,Product/Stock Inquiry
253,What is the status of my purchase?,Order Status Inquiry
191,What sizes can I order??,Product/Stock Inquiry
399,How can I contact you about a general question?,General Inquiry
278,I did not receive the verification message,Account/Login Issue
229,My order status has not updated,Order Status Inquiry
267,has my order moved to the next stage?,Order Status Inquiry
67,I need help: the delivery tracking is not updating,Delivery Issue
160,Please help. i need to return this order,Refund/Cancellation
366,Do you have any loyalty promotions?,Promotion/Discount Inquiry
89,Please check with the rider!,Delivery Issue
238,Has the branch started preparing it? ASAP.,Order Status Inquiry
102,The courier has not arrived!,Delivery Issue
254,Can you tell me if my order is confirmed?,Order Status Inquiry
21,I was charged an extra amount at checkout,Payment Issue
48,the payment failed after I clicked pay,Payment Issue
354,Is this discount valid today? Please advise.,Promotion/Discount Inquiry
14,there is an issue with my payment,Payment Issue
395,How can I contact customer support??,General Inquiry
108,The delivery is taking too long Can you check?,Delivery Issue
8,,Payment Issue
47,The payment is still pending Can you check?,Payment Issue
16,The payment gateway rejected my card!,Payment Issue
396,Where can I find your menu?,General Inquiry
52,The payment is still pending Can you check?,Payment Issue
407,How do I contact the branch?,General Inquiry
125,Please confirm that my order is cancelled!,Refund/Cancellation
284,I cannot verify my account,Account/Login Issue
38,The online payment is not working,Payment Issue
3,I cannot use my card to pay!,Payment Issue
180,"Hello, is the large size available?",Product/Stock Inquiry
150,The refund has not reached my bank account,Refund/Cancellation
158,I changed my mind and want to cancel,Refund/Cancellation
53,The payment gateway is not responding,Payment Issue
438,how can I learn more about your products?,General Inquiry
203,Do you have sugar-free options?,Product/Stock Inquiry
30,Can you help? my card was charged and then the order failed,Payment Issue
162,I want my money back Can you check?,Refund/Cancellation
278,"Hello, i need to recover my account",Account/Login Issue
212,do you have seasonal drinks?,Product/Stock Inquiry
419,Is the branch open on public holidays??,General Inquiry
227,Has the kitchen received my order?,Order Status Inquiry
43,"Hello, i was charged twice for the same order",Payment Issue
292,I need assistance with login,Account/Login Issue
246,I need an update on my ORDER,Order Status Inquiry
93,where is my delivery?,Delivery Issue
323,My account access has stopped working!,Account/Login Issue
185,When will this item be back in stock??,Product/Stock Inquiry
388,what are your customer support hours?,General Inquiry
36,,Payment Issue
193,Please help. is the new drink available?,Product/Stock Inquiry
235,"Hello, what is the progress of my order?",Order Status Inquiry
270,Has the kitchen received my order?,Order Status Inquiry
252,I need help: is my order ready for collection?,Order Status Inquiry
223,Is my order ready now? Please help.,Order Status Inquiry
389,where can i see my order history?,General Inquiry
424,How can I contact customer support??,General Inquiry
190,Can I remove an ingredient? Please advise.,Product/Stock Inquiry
75,The delivery is later than the promised time Please advise.,Delivery Issue
165,I requested a refund yesterday,Refund/Cancellation
296,Can you help me unlock my account?,Account/Login Issue
37,My payment was cancelled by the gateway,Payment Issue
184,What sizes are available?,Product/Stock Inquiry
198,What drinks are in stock today?,Product/Stock Inquiry
429,"Hello, what are your opening hours?",General Inquiry
324,My account is temporarily locked,Account/Login Issue
350,What is the expiry date of this promotion?,Promotion/Discount Inquiry
397,Do you accept cash at branches?,General Inquiry
434,What time does the branch close?,General Inquiry
64,My order is still with the branch ASAP.,Delivery Issue
450,Can I change my delivery address?,
347,Do you have any promotions today?,Promotion/Discount Inquiry
351,Why was my promotion rejected?,Promotion/Discount Inquiry
86,I need an update on the delivery,Delivery Issue
353,Why did the promotional price not appear??,Promotion/Discount Inquiry
196,Is this flavour available at my branch??,Product/Stock Inquiry
13,Why is my payment still processing?,Payment Issue
83,My order says delivered but I did not receive it,Delivery Issue
42,The wallet payment is not going through Please advise.,Payment Issue
383,Is there a promotion for new customers? Can you check?,Promotion/Discount Inquiry
120,,Refund/Cancellation
175,is this item available at my nearest branch?,Product/Stock Inquiry
117,Please help. my cancelled order was charged,Refund/Cancellation
192,Do you have this product in another size? Please advise.,Product/Stock Inquiry
295,I forgot my password,Account/Login Issue
283,I cannot complete the login process Please advise.,Account/Login Issue
409,Can I order from the website?,General Inquiry
325,I need to change my account password,Account/Login Issue
340,"Hello, do you have any new discounts?",Promotion/Discount Inquiry
181,Is the product currently unavailable?,Product/Stock Inquiry
312,Can you help? my login details are not accepted,Account/Login Issue
332,Can I use this coupon?,Promotion/Discount Inquiry
74,Can you tell me the estimated delivery time??,Delivery Issue
63,"Hi, please tell me where my order is",Delivery Issue
128,"i accidentally placed two orders, cancel one",Refund/Cancellation
197,  do you have this product in stock?  ,Product/Stock Inquiry
134,I need a refund for this purchase Please help.,Refund/Cancellation
214,Is the strawberry drink available today?,Product/Stock Inquiry
126,I was charged for a cancelled order,Refund/Cancellation
250,My order has been pending for a while,Order Status Inquiry
372,how can i claim the current offer?,Promotion/Discount Inquiry
22,The payment was successful but the system did not update,Payment Issue
39,Please help. i cannot complete the card payment,Payment Issue
68,My delivery has been delayed since morning,Delivery Issue
166,Is this menu item available for delivery?,Product/Stock Inquiry
316,Why is my account locked?,Account/Login Issue
127,please cancel this order,Refund/Cancellation
248,can you check my order status?,Order Status Inquiry
345,,Promotion/Discount Inquiry
90,"Hello, the tracking information is not updating",Delivery Issue
400,Do you have gift cards?,General Inquiry
348,Is the discount available for delivery orders?,Promotion/Discount Inquiry
331,Can I apply the offer after placing an order??,Promotion/Discount Inquiry
139,Please cancel the duplicate order,Refund/Cancellation
205,which products can i order right now?,Product/Stock Inquiry
368,Can I combine two promotions??,Promotion/Discount Inquiry
173,Is the strawberry drink available today?,Product/Stock Inquiry
428,Do you have a mobile application? Please advise.,General Inquiry
5,Can you check my payment status?,Payment Issue
244,Can you tell me if the order is ready?,Order Status Inquiry
119,Why was my refund rejected?,Refund/Cancellation
87,Why has the rider not moved from the branch?,Delivery Issue
26,My payment was reversed!,Payment Issue
329,Please help with my account access!,Account/Login Issue
217,Is this menu item available for delivery?,Product/Stock Inquiry
149,,Refund/Cancellation
209,Can I change the topping after selecting the drink?,Product/Stock Inquiry
377,"Hello, how do I apply a discount code?",Promotion/Discount Inquiry
113,Please cancel and refund my order!,Refund/Cancellation
242,Can I see the latest order update?,Order Status Inquiry
178,,Product/Stock Inquiry
169,What is included with this product?,Product/Stock Inquiry
269,Can you confirm that my order was received??,Order Status Inquiry
274,Please check my pending ORDER,Order Status Inquiry
301,I am unable to sign in Can you check?,Account/Login Issue
121,The refund amount is incorrect,Refund/Cancellation
50,Why was my card charged when the order failed? Please help.,Payment Issue
56,Why has my order not been dispatched?,Delivery Issue
145,I would like to cancel and receive a refund!,Refund/Cancellation
115,Can I get a refund for the missing item?,Refund/Cancellation
320,How do I update my login information?,Account/Login Issue
151,How can I cancel an order??,Refund/Cancellation
91,Can I change the delivery address??,Delivery Issue
60,Can you deliver this before 6 PM?,Delivery Issue
300,Why am I unable to access my account??,Account/Login Issue
422,how can I learn more about your products?,General Inquiry
403,Where can I find the branch phone number?,General Inquiry
17,the transaction is showing as pending,Payment Issue
186,which drinks are available today?,Product/Stock Inquiry
273,what is happening to my order?,Order Status Inquiry
155,I changed my mind and want to cancel,Refund/Cancellation
418,Please help. what areas do you serve?,General Inquiry
141,I no longer need this order Can you check?,Refund/Cancellation
172,What ingredients are in this drink?,Product/Stock Inquiry
363,does the promotion have a minimum order?,Promotion/Discount Inquiry
167,"Hello, can I customize the amount of ice?",Product/Stock Inquiry
393,What time does the branch close?,General Inquiry
95,Can I give the rider a different address?,Delivery Issue
97,I missed the delivery call,Delivery Issue
384,Is there a discount available for this order? Can you check?,Promotion/Discount Inquiry
62,The delivery is taking too long Can you check?,Delivery Issue
417,Is the branch open on public holidays??,General Inquiry
4,Please help. i was charged for an order that never went through,Payment Issue
321,My account is temporarily locked,Account/Login Issue
131,I want my money back Can you check?,Refund/Cancellation
182,Is the brown sugar milk tea available?,Product/Stock Inquiry
243,is my order confirmed yet?,Order Status Inquiry
259,Please check my pending ORDER,Order Status Inquiry
110,Please deliver the order to another address,Delivery Issue
412,How can I contact the customer service team?,General Inquiry
54,Please help. i was charged for an order that never went through,Payment Issue
280,The app does not accept my password Can you check?,Account/Login Issue
116,I need the money returned for this order Please advise.,Refund/Cancellation
346,Is there a discount available for this order? Can you check?,Promotion/Discount Inquiry
304,Please help me reset my login Please help.,Account/Login Issue
35,The payment page is stuck ASAP.,Payment Issue
174,Can you help? do you have a dairy-free option?,Product/Stock Inquiry
362,Please tell me about today's promotions,Promotion/Discount Inquiry
344,Can I use the promotion at any branch?,Promotion/Discount Inquiry
411,Do you have a mobile application? Please advise.,General Inquiry
446,I cannot log into my account,
189,can i replace one topping with another?,Product/Stock Inquiry
335,can promotions be used with another coupon?,Promotion/Discount Inquiry
219,What sizes are available?,Product/Stock Inquiry
27,My payment was deducted but the order is not showing,Payment Issue
105,The rider has not contacted me,Delivery Issue
247,Please check if my ORDER has been accepted,Order Status Inquiry
241,Can I get an update on my order?,Order Status Inquiry
208,Is chocolate milk tea available?,Product/Stock Inquiry
297,my login code is incorrect,Account/Login Issue
442,Where is my delivery?,
264,has the order been completed?,Order Status Inquiry
148,Why has my refund not arrived? Please advise.,Refund/Cancellation
204,Can I add less sugar?,Product/Stock Inquiry
290,,Account/Login Issue
310,i cannot verify my phone number,Account/Login Issue
19,the amount was deducted twice,Payment Issue
307,"Hello, my password is not working",Account/Login Issue
88,the rider called but could not find me,Delivery Issue
414,can i order for someone else?,General Inquiry
392,Do you have branches in Colombo? Can you check?,General Inquiry
168,do you have seasonal drinks?,Product/Stock Inquiry
23,  I need help: i received a payment failure message  ,Payment Issue
355,I need help: can I get a promo code for my order?,Promotion/Discount Inquiry
415,Do you have a loyalty membership?,General Inquiry
381,Is this item included in the promotion? ASAP.,Promotion/Discount Inquiry
200,Is the mango flavour available?,Product/Stock Inquiry
107,I need an update on the delivery,Delivery Issue
94,When will my order arrive?,Delivery Issue
427,How can I contact customer support??,General Inquiry
34,The payment screen keeps loading,Payment Issue
236,Why is my order status still pending??,Order Status Inquiry
33,Can you verify whether my payment went through?,Payment Issue
123,Can you confirm my cancellation?,Refund/Cancellation
421,Do you offer loyalty points?,General Inquiry
222,Has my order been accepted by the branch?,Order Status Inquiry
430,Do you have gift cards?,General Inquiry
306,Can I change the email on my account?,Account/Login Issue
24,I was charged but did not receive an order confirmation!,Payment Issue
402,,General Inquiry
71,My delivery is delayed Please advise.,Delivery Issue
133,My refund is still pending!,Refund/Cancellation
10,I need a receipt for my payment,Payment Issue
380,Are there any special deals today?,Promotion/Discount Inquiry
59,My order has been stuck in delivery Please help.,Delivery Issue
129,My cancelled order still shows as active!,Refund/Cancellation
211,Is the medium size available?,Product/Stock Inquiry
234,,Order Status Inquiry
260,Is my order being prepared??,Order Status Inquiry
251,"Hi, can you tell me when my order will be ready?",Order Status Inquiry
206,,Product/Stock Inquiry
96,I have been waiting for my delivery all day,Delivery Issue
69,Can you contact the delivery rider??,Delivery Issue
41,The bank transaction is complete but my order is not confirmed Can you check?,Payment Issue
303,I am stuck on the verification screen,Account/Login Issue
376,Please help. does this order qualify for a discount?,Promotion/Discount Inquiry
423,How can I update my email address?,General Inquiry
413,Do you operate on Sundays? Please help.,General Inquiry
210,When will the unavailable product return?,Product/Stock Inquiry
92,,Delivery Issue
142,"Hello, can you tell me when the refund will arrive?",Refund/Cancellation
163,Please help. my cancelled order was charged,Refund/Cancellation
314,How do I recover my account??,Account/Login Issue
137,"Hi, the order should be cancelled immediately",Refund/Cancellation
326,How can I reset my password?,Account/Login Issue
164,The order was cancelled but I have not received my refund!,Refund/Cancellation
265,What stage is my order at?,Order Status Inquiry
289,Please help. the password reset email never arrived,Account/Login Issue
336,My coupon is not being accepted,Promotion/Discount Inquiry
179,What products are currently available?,Product/Stock Inquiry
49,the transaction is showing as pending,Payment Issue
100,Can you check the status of my delivery?,Delivery Issue
199,What toppings can I add?,Product/Stock Inquiry
367,What are the conditions for this offer??,Promotion/Discount Inquiry
57,My order is delayed because of the courier Can you check?,Delivery Issue
224,has the order been sent to the branch?,Order Status Inquiry
146,Please reverse this purchase,Refund/Cancellation
157,I need help: when will the cancelled order be refunded?,Refund/Cancellation
440,How can I contact the customer service team?,General Inquiry
364,How does the current promotion work?,Promotion/Discount Inquiry
445,Can you check my order status?,
287,The login button is not working,Account/Login Issue
288,i cannot access my profile,Account/Login Issue
334,Is there a first-order discount?,Promotion/Discount Inquiry
15,The payment gateway is not responding,Payment Issue
12,My transaction disappeared!,Payment Issue
385,"Hi, is this offer still available?",Promotion/Discount Inquiry
405,Do you offer loyalty points?,General Inquiry
261,Why does the system still show pending?,Order Status Inquiry
11,the amount charged is different from the order total,Payment Issue
448,,
245,Please help. has my order started being prepared?,Order Status Inquiry
65,,Delivery Issue
73,Please help. my order was sent to the wrong address,Delivery Issue
138,Can you help? please refund the payment,Refund/Cancellation
358,How long is this discount valid?,Promotion/Discount Inquiry
6,The payment confirmation has not arrived,Payment Issue
9,My payment was declined even though I have enough balance,Payment Issue
431,"Hello, what are your opening hours?",General Inquiry
28,The payment amount looks incorrect,Payment Issue
76,The rider has not arrived yet,Delivery Issue
262,,Order Status Inquiry
268,Has the kitchen received my order?,Order Status Inquiry
299,Please help with my account access!,Account/Login Issue
156,Can I cancel before it is prepared?,Refund/Cancellation
313,My account password needs to be reset!,Account/Login Issue
432,How can I contact you about a general question?,General Inquiry
20,Money was deducted but my ORDER was cancelled,Payment Issue
272,Can you confirm that my order was received??,Order Status Inquiry
443,I want a refund for this order,
361,do you have a birthday offer?,Promotion/Discount Inquiry
359,can i use more than one coupon?,Promotion/Discount Inquiry
105,The delivery status has not changed,Delivery Issue
293,I need help: the OTP is not working,Account/Login Issue
365,how can i get the current promotion?,Promotion/Discount Inquiry
276,How can I reset my password?,Account/Login Issue
397,How can I update my email address?,General Inquiry
374,  can i use a voucher on this order?  ,Promotion/Discount Inquiry
390,Where can I read your privacy policy??,General Inquiry
170,Which branch has this item?,Product/Stock Inquiry
144,I requested a refund yesterday,Refund/Cancellation
285,Please help. the verification code is not arriving,Account/Login Issue
330,How can I reset my password?,Account/Login Issue
80,The rider has not contacted me,Delivery Issue
294,i forgot the email i used to register,Account/Login Issue
159,I want my money back Can you check?,Refund/Cancellation
55,my card payment failed but i was charged,Payment Issue
32,My bank says the payment succeeded but the order is unpaid,Payment Issue
